name,teacher,fa_16,wi_17,sp_17,wi_18,sp_18,wi_19,sp_19,fa_19,wi_20,sp_20,fa_20,wi_21,sp_21,fa_21,wi_22,sp_22,fa_22,wi_23,sp_23
Molly Mora,Kirby,,,,165,184,183,194,197,205,,209,208,215,220,227,227,228,228,233
Kennedy Black,Gates,,,,168,177,178,182,181,192,,194,198,207,206,210,211,216,216,215
Nikolai Warren,Gates,,,,185,211,202,204,,208,,217,216,221,228,229,231,225,236,240
Efrain Meza,Lawrence,,,,,,,,,198,,184,197,201,192,211,216,213,222,219
Valentino Houston,Kirby,,,188,192,211,201,215,,213,,214,228,236,230,239,244,233,235,246
Leilani Mcbride,Gates,,,,176,204,190,202,201,202,,198,206,208,216,218,225,217,223,233
Braylon Adkins,Paulson,,,,,,,,,184,,180,185,191,196,199,204,196,192,204
Alberto Hurst,Lawrence,,,,,170,182,185,182,192,,196,194,199,196,196,212,196,214,210
Davon Shepherd,Kirby,,,,,,,,,182,,195,203,207,222,223,221,222,219,226
Josiah Bowers,Lawrence,,,,,,154,174,163,181,,184,187,191,192,185,206,208,215,223
Maci Stanton,Lawrence,,,,,,,,,,,202,206,211,211,223,226,222,228,234
Alayna Blake,Gates,,,,179,184,186,192,187,198,,197,199,207,198,210,204,207,216,214
America Scott,Kirby,,,158,176,196,191,196,,208,,200,212,211,208,223,228,222,223,227
Alfonso Vega,Gates,,,,166,182,177,182,180,188,,185,192,192,191,209,206,201,208,219
Frances Mays,Gates,,,,,159,161,187,169,190,,195,200,211,201,209,207,214,210,223
Mateo Figueroa,Gates,,,,,,,184,184,198,,178,197,204,190,197,202,203,201,193
Hallie French,Gates,,,166,179,184,186,192,,199,,190,202,206,210,211,224,221,217,224
Priscilla Barrera,Kirby,,,,,,,,,,,,,,,,,,,244
Rocco Wise,Kirby,,,185,197,217,210,214,,220,,231,228,238,235,244,241,240,245,243
Sanaa Figueroa,Lawrence,,,,166,182,176,180,179,184,,183,192,192,185,191,201,198,201,212
Maxwell Harding,Gates,,,,172,176,182,190,185,188,,196,206,209,203,215,216,210,213,218
Jose Frost,Lawrence,,,,172,185,185,195,,205,,208,210,215,214,224,229,220,226,229
Emmalee Woodward,Paulson,,,,,,,131,,,,,,,,,,173,178,192
Andre Pitts,Kirby,,,186,188,192,188,199,,207,,207,216,213,215,222,230,219,223,228
Yusuf Spears,Kirby,,,176,183,199,194,207,,211,,204,213,216,220,228,228,223,234,238
Tommy Pena,Kirby,,,,175,186,187,194,187,199,,206,209,212,203,215,219,214,223,220
Bailee Cardenas,Lawrence,,,,,,,,,,,,,,,,,,215,219
Jax Mcmillan,Lawrence,,,168,163,177,182,199,,196,,197,207,200,204,216,227,216,221,228
Paisley Salinas,Lawrence,,,,157,171,170,182,170,,,188,193,188,194,196,209,203,207,222
Hunter Flynn,Kirby,,,171,175,183,185,192,,205,,201,216,218,212,232,239,236,231,243
Erik Rush,Kirby,139,,158,177,192,192,201,,,,,,,221,230,232,236,235,243
Jimmy Stein,Lawrence,,,137,151,158,162,174,174,180,,174,177,180,182,,192,,,179
Janiah Baldwin,Kirby,,,177,183,203,194,213,,213,,216,225,225,223,238,243,231,237,252
Nicole Harrington,Lawrence,,,147,162,185,189,206,201,205,,214,209,209,206,210,214,218,,217
Rosa Olsen,Gates,,,,182,183,183,196,187,200,,196,206,207,210,220,224,220,215,220
Thalia Prince,Kirby,,,180,180,197,199,209,,203,,209,222,227,229,234,242,233,238,239
Samantha Hayden,Paulson,153,174,181,,,,,192,203,,201,213,219,218,221,230,220,226,233
Lauren Arroyo,Kirby,,,,161,186,187,199,189,214,,207,214,212,215,223,236,225,223,231
Hezekiah Villarreal,Lawrence,121,,,,,,,,,,,184,182,,,,192,200,203
Valery Murphy,Paulson,,,,165,173,174,181,184,184,,189,196,207,205,212,212,213,217,212
Ronin Mathis,Kirby,,,,186,201,191,204,197,212,,214,222,229,224,234,241,237,234,238
Sara Montoya,Kirby,,,191,187,201,200,212,,210,,216,225,225,230,231,233,236,237,241
Luna Bell,Kirby,,,171,171,185,190,199,,202,,211,201,219,220,222,227,218,222,229
Lina Calderon,Lawrence,,,,,,,,181,187,,199,205,208,207,207,216,215,217,222
Alvin Ponce,Kirby,,,188,194,211,200,205,,210,,214,218,223,223,237,236,229,232,237
Hannah Hancock,Gates,,,,,182,183,183,193,197,,197,200,207,193,204,212,217,223,212
Mira Frazier,Paulson,,,,183,174,190,200,196,200,,194,203,213,208,209,210,214,222,229
Charlie Henson,Kirby,,,185,181,201,197,212,,211,,210,221,227,219,235,238,226,226,233
Anton Evans,Lawrence,,,,185,202,191,202,199,204,,212,212,218,213,223,223,218,223,239
Javion Rich,Gates,,,,158,171,176,185,184,191,,196,199,205,199,218,229,217,217,217
Juliet Cooper,Lawrence,,,153,,,,,,,,,,,194,206,209,209,212,220
Sterling Hurst,Paulson,,,,,,,,,,,,,,186,205,211,210,212,218
Gunner Meyer,Gates,,,,,,,,,,,,,,,,,194,208,203
Parker Collins,Kirby,,,172,182,202,192,198,,205,,217,212,227,229,232,238,230,236,251
Madden Nash,Kirby,,,179,182,200,206,214,,221,,232,227,235,,241,242,238,238,245
Leonardo Ray,Lawrence,,,,163,170,160,175,163,175,,178,182,181,178,186,186,195,198,194
Kaylyn Molina,Gates,,,145,163,164,173,182,182,189,,,200,193,194,207,207,197,208,210
Alberto Young,Kirby,,,,,,,,,,,,,,,,234,231,239,238
Talan Hayden,Gates,,,,175,185,172,186,184,196,,191,208,207,209,207,210,203,213,215
Kadyn Poole,Kirby,,,187,191,210,201,209,,217,,214,225,226,230,236,249,241,248,250
Eliza Murillo,Kirby,,,,,,182,197,191,202,,201,204,203,210,223,216,219,225,229
Leslie Richard,Lawrence,,,153,167,179,175,191,,187,,182,201,200,187,199,201,210,216,220
Paula Contreras,Lawrence,,,161,159,178,174,184,,184,,187,191,200,200,198,223,211,213,224
Carmelo Hardin,Lawrence,,,148,153,153,157,171,,178,,181,176,185,183,197,184,193,201,205
Grayson Charles,Paulson,,,,156,170,175,191,182,182,,217,191,198,201,199,208,201,216,212
Nick Macias,Kirby,,,177,184,215,192,198,,211,,210,218,213,224,228,238,221,227,237
Ezra Eaton,Lawrence,,,,150,179,183,184,186,206,,215,212,232,219,220,223,217,225,234
Esteban Fowler,Paulson,,,,168,178,178,188,183,192,,199,200,209,200,209,217,207,203,208
Sharon Branch,Lawrence,,,,,,,,180,193,,215,208,195,197,207,203,209,208,227
Jayvon Shannon,Paulson,,,,149,178,164,174,167,186,,186,188,190,189,192,199,199,202,203
Marisa Koch,Paulson,129,155,150,168,171,180,199,,,,,201,201,193,206,207,209,207,217
Janiya Ochoa,Lawrence,,,,189,192,181,191,187,193,,198,206,200,203,216,215,207,214,209
Owen Roberson,Paulson,138,,,,187,198,199,200,211,,211,218,222,222,,,,,228
Zoe Kirk,Lawrence,,,,171,178,174,176,179,181,,192,195,192,193,210,209,209,203,215
Gauge Avery,Kirby,,,184,195,204,193,205,,205,,212,218,215,224,231,237,230,227,243
Payton Clark,Kirby,,,186,191,215,206,212,,219,,222,236,239,237,240,254,240,244,253
Lucia Wall,Gates,,,165,160,176,167,192,,199,,197,201,201,201,214,220,223,219,225
Taylor Herring,Kirby,,,,,,,,,,,,,,231,233,236,238,240,242
Dustin Trujillo,Paulson,141,146,154,166,186,181,187,,197,,,,,214,211,214,210,222,223
Yamilet House,Lawrence,,,,179,175,184,192,190,199,,190,201,199,201,203,208,207,210,205
Donovan Pope,Kirby,,,,185,204,190,210,,219,210,218,218,227,228,229,240,228,228,241
Tristian Barrett,Lawrence,,,,158,184,183,200,191,189,,184,200,212,204,212,203,216,214,231
Christopher Rasmussen,Gates,,,,,,,,,,,,,,,,,200,207,216
Marlie Jenkins,Lawrence,,,,163,151,168,178,174,191,,198,20,207,207,211,211,206,218,217
Cailyn Cannon,Kirby,,,,167,179,187,192,181,195,,194,212,208,204,209,226,213,230,237
Carlo Mcgrath,Paulson,,,,168,178,177,180,181,190,,195,205,211,210,205,210,204,214,214
Uriah Montoya,Lawrence,,,,170,187,187,195,196,204,,199,243,215,213,229,221,227,232,237
Bailey Potter,Paulson,,,,156,172,176,178,172,181,,184,193,189,197,201,212,208,205,204
Graham Ho,Kirby,,,,,199,198,203,204,212,211,,219,224,228,231,238,230,229,242
Trey Franco,Kirby,,,,,,,,,212,,225,228,234,227,238,247,236,242,252
Patricia Wells,Kirby,,,,,,,,,,,,,,227,235,243,230,232,
Wilson Zamora,Lawrence,,,,168,185,178,184,191,187,,198,205,208,203,216,211,214,224,232
Reid Dalton,Paulson,,,,,,,,,,,,,,,,,,,191
Jamar Monroe,Lawrence,,,,150,177,177,186,167,188,,197,212,210,206,214,223,217,223,223
Miya Ross,Paulson,,,,176,185,188,189,188,193,,191,190,193,204,206,214,207,216,222
Simon Stephenson,Kirby,,,,,,,,,,,,245,213,222,234,244,232,240,243
Ronan Acevedo,Kirby,,,,,,,,,,,,233,226,224,231,240,232,228,238
Carsen Carter,Paulson,,,,,,,,,,,,,,,,,,226,229
Aniya Richards,Kirby,,,,,,,,,,,,233,234,233,238,246,242,241,260
Jude Curtis,Lawrence,,,,164,177,178,184,182,192,,196,197,208,194,205,222,215,223,230
Jenna Goodman,Paulson,,,,,,,,,,,,,,,,217,207,218,227
Ishaan Herring,Kirby,,,,,,,,,,,,232,242,235,231,240,226,243,248
Yareli Farley,Kirby,,,,,,,,,,,,220,227,225,226,235,227,233,248
Aedan Golden,Kirby,,,,,,,,,,,,206,216,206,224,222,223,224,225
Jacquelyn Gonzales,Paulson,,,177,181,188,182,189,,198,,201,207,211,220,216,230,218,231,229
Mylie Cervantes,Lawrence,,,,,,158,160,171,187,,180,187,198,191,194,203,210,200,212
Shane Snow,Kirby,,,,,,,,,,,,206,216,215,223,,224,221,242
Emery Bullock,Kirby,,,169,179,202,193,192,,196,,204,211,222,226,228,243,235,236,243
Joyce Kennedy,Kirby,,,178,203,225,210,216,,219,,222,224,231,230,241,241,232,240,246
Eddie Shah,Kirby,,,177,181,182,186,194,,196,,205,211,213,218,227,235,230,224,230
Nathalia Ashley,Paulson,,,,173,175,180,186,184,196,,196,201,204,199,211,205,210,213,209
Zane Brady,Kirby,,,,,202,186,197,198,203,,207,211,223,219,227,222,221,232,232
Maximo Sutton,Paulson,,,,157,177,172,187,176,191,,188,192,184,179,191,200,199,197,185
Ella Farley,Kirby,,,,177,200,193,198,204,209,,207,218,218,225,225,233,227,227,235
Shawn Huerta,Gates,,,,,,173,180,179,187,,188,193,194,190,201,203,203,210,208
Kason Terrell,Paulson,,,177,181,184,181,197,,192,,203,210,215,207,205,213,218,211,232
Amari Mahoney,Kirby,,,,,,,,,,,,,,,,,227,226,
Peyton Maldonado,Kirby,,,154,178,194,189,202,,215,,206,212,231,224,236,242,242,235,246
Amaris Wolf,Kirby,,,194,203,225,206,218,,223,,238,222,251,227,234,243,230,239,244
Mackenzie Bright,Kirby,,,183,192,206,206,207,,211,,212,226,236,228,233,240,232,244,244
Randy Mullen,Kirby,,,,172,203,180,199,195,203,,223,211,218,227,229,231,231,229,235
Brooks Solomon,Gates,,,186,201,204,196,205,,195,,210,214,211,216,224,226,225,222,230
Liam Elliott,Kirby,,,190,189,195,193,201,,213,210,210,225,225,226,233,242,234,239,245
Maliyah Carey,Kirby,,,177,173,177,187,193,,193,,206,216,211,214,223,229,222,234,240
Amaris Reid,Paulson,,,165,162,184,,185,186,200,,196,204,203,204,215,226,206,226,235
Natalee Conner,Lawrence,,,,172,180,185,191,196,196,,202,204,208,212,228,216,216,229,234
Linda Gay,Lawrence,,,155,155,184,176,192,,200,,184,198,198,193,208,200,205,214,220
Brice Kaiser,Kirby,,,177,176,189,195,196,,201,,206,214,218,219,226,234,229,228,236
Alejandra Bullock,Lawrence,,,,,,,,,,,,,,,211,220,215,218,234
Cassandra Buckley,Paulson,,,,,,,,,,,,,182,191,188,195,195,201,222
Dennis Hughes,Gates,,,,166,195,186,189,189,200,,199,206,218,211,211,221,214,221,226
Victoria Brock,Lawrence,,,,,,,,,,,,,,,,,216,220,229
Gustavo Deleon,Kirby,,,175,193,193,207,208,,210,,226,245,235,222,234,240,232,237,243
Frida Bradley,Gates,,,,,,,,,207,,195,200,204,207,213,229,217,224,238
Omari Yoder,Kirby,,,,,,,,,,,,,,,,,230,230,234
Kaleigh Patton,Kirby,,,,185,198,201,210,199,211,,217,216,217,228,224,231,223,228,242
Janet Graham,Kirby,,,,176,207,194,192,193,204,,210,211,213,216,224,230,223,226,239
Hugh Boyd,Paulson,,,,169,180,189,192,204,206,,217,210,215,213,217,222,213,223,227
Mariela Wolfe,Gates,,,148,170,183,175,190,,201,,201,208,210,213,217,228,218,228,229
Victor Lyons,Kirby,,,,164,186,186,197,200,207,,213,210,221,215,225,225,222,226,238
Liam Davies,Gates,,,,176,195,185,,191,198,,211,211,212,200,214,218,219,218,219
Essence Rowland,Gates,,,,,,,,,,,,,214,210,221,226,223,228,226
Kaia Herring,Gates,,,,175,177,180,188,185,192,,212,199,207,203,209,226,225,222,225
Julius Dunn,Lawrence,,,,156,171,175,200,184,192,,200,215,229,197,212,211,225,224,237
Lilly Moss,Kirby,159,,170,186,203,,,191,198,,203,208,222,223,227,232,232,236,248
Levi Calhoun,Gates,,,,158,174,169,179,174,186,,184,184,191,186,188,193,196,205,194
Scott Mejia,Lawrence,,,,,,,,179,191,,190,186,205,196,207,209,203,209,215
Maya Medina,Paulson,,,,172,172,170,178,173,186,,197,201,205,206,219,220,209,216,222
Nolan Carney,Gates,,,,,,,,,,,,,,,,,,210,213
Milton Dunlap,Kirby,,,,183,202,194,210,205,206,,208,217,226,226,226,231,233,233,236
Jazlynn Rivers,Paulson,,,,154,161,174,184,180,194,,190,193,204,204,208,209,208,213,216
Jaidyn Crosby,Lawrence,,,,,178,187,196,198,202,,202,209,215,214,221,216,212,224,234
Mark Bell,Kirby,,,,185,192,191,188,199,203,,205,205,223,221,228,237,229,225,232
Jadyn Foley,Lawrence,,,,,,,,,,,,,,,209,,227,227,226
Colten Larsen,Paulson,,,,167,193,186,195,191,199,,202,210,222,216,223,231,218,217,229
Miriam Tanner,Kirby,,,175,188,211,,208,,213,,220,226,229,234,233,241,242,248,245
Liberty Stewart,Kirby,,,194,197,219,203,208,,215,,218,224,236,222,229,242,230,230,241
David Kidd,Kirby,,,166,170,186,183,199,,203,,205,208,207,208,219,227,216,218,220
Vanessa Hunter,Kirby,,,189,184,195,195,198,,208,,243,232,239,225,222,223,228,229,238
Amirah Lynch,Kirby,,,,172,190,182,194,188,201,,209,213,203,213,219,224,216,219,236
Edward Pruitt,Lawrence,,,179,173,185,175,189,,191,,212,208,216,202,225,224,222,221,227
Madyson Kane,Lawrence,,,,,,,,176,187,,188,188,198,195,197,199,205,197,215
Kiara Sherman,Lawrence,,,,,,,,,,,,,,182,184,186,192,188,186
Laura Potter,Lawrence,,,,176,186,182,187,191,202,,198,212,210,210,213,227,228,232,236
Kennedy Shelton,Kirby,,,,158,172,170,183,184,201,,200,205,214,206,220,216,205,219,227
Liliana Paul,Paulson,,,,168,169,171,178,178,183,,176,179,189,190,193,196,204,297,196
Zaid Moore,Kirby,,,,,,,,,,,,,,217,223,233,230,234,242
Elyse May,Lawrence,,,163,178,187,165,184,187,187,,,,200,206,214,222,220,222,222
Michelle Hardin,Paulson,,,,173,189,181,188,191,202,,202,207,209,215,215,223,216,225,236
Mohammed Forbes,Lawrence,,,,,,,,,,,,,,206,207,214,209,209,208
Jaliyah Stanley,Kirby,,,184,185,207,198,214,,214,,215,219,223,224,238,238,232,233,240
Carlee Cisneros,Kirby,,,,,,,,,,,,,,,,,232,237,252
Hugh Jenkins,Kirby,,,175,178,195,186,195,,,,199,209,212,208,219,235,221,230,235
Aniya Fernandez,Lawrence,,,,,,,,189,204,,198,216,223,218,214,215,211,220,229
Kailyn Burton,Gates,,,,,190,191,200,,193,,,,,218,221,225,207,214,
Nora Owen,Paulson,,,,,,,,,,,190,196,195,200,213,222,204,207,218
Mateo Weber,Kirby,,,,178,181,184,194,193,201,,199,191,203,216,219,224,228,221,228
Dylan Estrada,Lawrence,131,149,159,,,,,,,,190,186,195,185,190,202,196,207,204
Leticia Trevino,Lawrence,,,,175,181,187,193,198,194,,199,202,210,205,215,220,213,210,230
Hugo Fields,Paulson,,,172,176,194,193,201,196,202,,206,212,212,212,221,223,,225,222
Madeleine Douglas,Kirby,,,,,,,,,,,,200,211,213,226,236,226,229,238
Khloe Thompson,Lawrence,,,182,176,187,190,199,,205,,200,201,201,211,218,231,226,222,235
Ronald Obrien,Paulson,133,143,156,,,,,,,,,,,,,,,,212
Remington Cardenas,Lawrence,,,,165,184,155,181,176,186,,186,187,185,188,191,200,194,224,223
Sincere Vega,Lawrence,,,,,,,,,,,,,,214,220,227,216,221,222
Slade Hickman,Gates,,,,165,186,176,181,182,192,,185,197,197,199,202,199,207,211,204
Aaron Ortega,Gates,,,,174,193,158,169,166,192,,199,210,201,204,205,204,204,204,218
Abdullah Flowers,Kirby,,,,169,185,180,187,183,205,,203,208,214,221,225,224,217,228,234
Annika Hutchinson,Paulson,,,,174,183,174,179,184,186,,188,201,194,200,212,200,196,204,202
Lawson Burch,Lawrence,,,,,,,,,,,,,,209,220,220,225,228,230
Valerie Griffith,Kirby,,,,177,195,193,205,190,210,,211,219,214,227,228,232,226,221,242
Sonny Hardin,Kirby,,,,197,205,202,204,201,215,,216,222,231,226,236,239,228,241,244
Avah Parker,Kirby,,,,179,208,199,202,205,208,,210,211,222,223,224,236,227,234,235
Catalina Bates,Lawrence,,,175,173,181,178,193,,192,,198,203,212,211,218,214,213,218,225
Seamus Callahan,Lawrence,,,,181,197,196,202,199,208,,206,212,216,217,228,228,221,224,224
Adelaide Barron,Kirby,,,,173,192,,192,189,207,,209,219,226,224,228,231,235,233,239
Leo Martin,Paulson,,,,150,171,173,183,177,189,,186,185,179,188,191,194,188,195,199
Frankie Edwards,Lawrence,,,,,,,,,,,,,,224,221,226,217,223,235
Ryleigh Larson,Lawrence,,,,169,180,173,176,190,192,,199,204,209,205,211,214,210,215,221
Joseph Garcia,Kirby,,,192,197,215,202,214,,221,,215,215,227,229,238,249,240,237,255
Kendall Rowland,Lawrence,142,,148,153,176,173,191,189,195,,205,,206,204,218,214,,218,
Journey Foster,Lawrence,,,,179,188,190,198,205,207,,208,216,223,217,225,227,222,231,238
Roberto Harrell,Gates,,,182,179,192,192,192,199,205,,199,208,213,216,225,229,220,231,230
Oliver Juarez,Lawrence,,,,,178,187,195,188,197,,192,202,201,198,211,212,211,216,226
Serena Brock,Lawrence,,,,,,,,,189,,203,208,215,212,214,231,223,225,235
Carlo Montgomery,Kirby,,,176,178,184,186,203,,199,,200,212,211,210,218,227,219,224,229
Ashtyn Sherman,Paulson,,,,141,149,162,171,171,190,,197,202,208,207,221,221,214,217,229
Coleman Mendoza,Lawrence,,,,161,176,179,190,185,205,,199,212,211,209,215,222,210,217,222
Jace Oneill,Kirby,,,,,,,,,,,,,,,,,232,235,
Zoey Hughes,Kirby,,,194,200,226,207,218,,225,,216,225,228,236,236,245,238,247,248
Konner Fowler,Lawrence,,,,162,170,173,191,184,195,,232,202,202,207,208,222,212,222,222
Lexie Salas,Paulson,,,,161,179,,,187,204,,211,214,211,218,221,224,219,218,232
Sidney Tyler,Kirby,,,177,200,216,194,198,,206,,,,219,218,222,232,221,239,237
Jadyn Castro,Paulson,,,167,178,189,189,195,195,196,,199,203,210,210,214,,221,218,232
Makaila Young,Gates,,,,164,176,172,186,180,197,,198,191,198,192,210,208,203,215,205
Kierra Garrison,Lawrence,,,,141,169,170,171,170,182,,193,184,200,197,199,198,200,209,209
Alden Mccarty,Kirby,,,173,164,186,191,192,190,201,,200,201,217,214,221,225,227,223,
Kole Vang,Kirby,,,,,,,,,,,,,,223,224,233,226,234,244
Finn Frye,Gates,,,,144,175,176,194,188,196,,200,205,209,189,211,209,197,202,203
Bryant Clay,Gates,,,,167,170,167,175,176,187,,183,190,186,194,211,224,213,211,202
Litzy Woods,Gates,,,,,,,184,181,184,,186,189,197,201,205,202,195,215,221
Jaidyn Mcpherson,Paulson,,,,176,179,183,187,187,192,,197,207,208,211,213,221,212,224,230
Brianna Warren,Lawrence,,,,164,181,173,198,187,196,,192,201,196,194,196,210,212,219,223
Tyrese Holloway,Gates,,,,168,182,178,190,183,190,,195,194,194,193,201,215,216,209,217
William Serrano,Gates,,,,174,190,175,194,185,198,,197,203,216,207,214,230,209,229,231
Alisson Cantu,Lawrence,,,,145,154,174,182,178,184,,192,175,199,181,197,191,198,198,201
Luca Greene,Kirby,,,173,184,194,193,199,,203,,203,211,223,226,230,229,237,241,246
Adeline Ramos,Lawrence,,,,158,174,164,179,168,180,,197,246,188,197,196,199,203,201,208
Grady Flowers,Kirby,,,,176,182,189,186,194,202,,201,204,210,206,215,222,215,222,216
Sidney Middleton,Kirby,,,146,169,184,,199,,205,,208,220,220,220,223,243,229,233,241
Anastasia Preston,Kirby,,,,170,177,182,201,196,194,,207,210,215,215,217,226,208,217,220
Myles Lopez,Paulson,,,,171,195,191,198,198,199,,199,201,207,210,211,220,217,218,221
Jaxon Mccarthy,Paulson,,,,205,199,210,216,206,216,,217,227,219,230,234,233,224,227,244
Angel Everett,Lawrence,,,,,,,,162,166,,171,180,195,200,210,199,208,208,218
Nelson Cisneros,Gates,,,,170,172,175,195,189,195,,200,201,211,207,214,218,223,229,226
Jazmine Key,Lawrence,,,,162,175,189,206,194,204,,202,213,211,210,216,217,215,218,236
Madison Anthony,Lawrence,,,152,146,167,172,,174,186,,224,194,193,200,202,205,210,218,229
Amber Arroyo,Lawrence,,,,171,175,170,183,176,179,,189,201,198,196,215,207,200,214,226
Steve Olson,Kirby,,,,179,189,180,197,187,195,,198,213,216,223,225,229,217,235,238
Jaida Castro,Gates,,,,159,179,176,175,175,185,,183,202,203,192,203,204,216,201,211
Mohamed Ritter,Kirby,,,179,184,193,198,203,,206,,214,217,229,229,236,241,228,232,248
Anthony Harding,Gates,,,160,171,192,185,,195,200,,198,206,226,215,217,225,218,225,
Lexie Doyle,Kirby,,,,176,184,192,193,192,194,,205,212,200,213,214,213,214,227,221
Fernando Wells,Kirby,,,,185,203,200,195,196,212,,205,212,215,212,217,231,226,231,242
